residue	count
73	8
74	5
76	32
77	106
78	92
79	102
80	212
81	123
82	30
83	28
84	8
87	23
88	22
91	12
96	17
97	48
99	1
100	51
102	9
13	30
14	28
15	39
16	128
17	175
18	213
19	185
20	131
21	86
22	68
23	109
24	136
25	16
60	3
64	3
71	1
72	5
74	49
75	97
76	14
77	23
78	16
80	24
11	2
16	23
20	13
21	3
23	9
25	24
43	20
44	21
47	14
48	53
51	9
52	10
57	46
58	70
59	20
60	24
61	122
62	98
63	18
64	54
65	61
66	3
67	2
68	32
69	24
71	31
72	37
74	6
75	20
76	33
77	44
78	47
79	6
80	6
81	6
88	1
89	24
90	64
91	53
92	61
93	53
94	28
95	10
99	12
118	10
119	21
12	1
13	17
16	26
17	3
43	1
44	16
45	96
46	14
47	26
48	17
51	8
52	1
74	5
75	16
78	55
81	4
82	33
85	5
89	29
92	17
93	31
94	7
95	28
96	42
97	9
98	29
99	19
100	75
102	80
103	99
105	8
106	117
107	54
108	17
109	48
110	191
111	33
112	34
113	109
114	53
115	12
116	59
117	94
118	32
119	22
120	33
121	15
123	1
124	24
125	4
126	2
71	10
73	7
74	6
75	2
76	33
77	114
78	96
79	97
80	136
81	51
12	25
13	44
14	47
15	41
16	100
17	49
18	124
19	105
20	72
21	101
22	55
23	138
24	95
25	11
60	5
64	6
71	2
72	6
74	52
75	91
76	11
77	19
78	8
16	24
20	11
21	3
23	4
25	19
27	2
57	54
58	86
59	21
60	41
61	129
62	130
63	17
64	61
65	114
66	7
67	1
68	60
69	22
71	26
72	52
74	11
75	9
76	13
89	15
90	55
91	75
92	63
93	88
94	52
95	3
96	13
97	7
44	3
45	76
46	16
47	22
48	16
49	1
51	38
52	9
53	6
89	25
92	18
93	26
95	23
96	53
97	13
98	21
99	24
100	48
102	101
103	94
105	7
106	143
107	48
108	35
109	73
110	156
111	27
112	49
113	179
114	54
115	12
116	56
117	128
118	24
119	11
120	58
121	23
124	15
23	1
24	1
25	2
54	5
57	27
58	31
61	8
62	51
65	23
66	3
91	12
93	13
94	7
42	14
44	1
45	83
46	36
47	2
48	13
49	3
103	10
104	18
107	36
111	41
114	5
